model_type,size,pct,baseline_acc,eda_acc,eda_method,eda_alpha
lstm,1_tiny,5,0.7385321100917431,0.7511467889908257,ri,0.3
lstm,2_small,20,0.7534403669724771,0.7809633027522935,rs,0.3
lstm,3_standard,50,0.7970183486238532,0.8004587155963303,rs,0.3
lstm,4_full,100,0.7855504587155964,0.8084862385321101,ri,0.3
