model_type,size,pct,baseline_acc,eda_acc,eda_method,eda_alpha
cnn,1_tiny,5,0.7580275229357798,0.7626146788990825,rs,0.5
cnn,2_small,20,0.7775229357798165,0.7844036697247706,rs,0.3
cnn,3_standard,50,0.8004587155963303,0.8073394495412844,ri,0.5
cnn,4_full,100,0.8004587155963303,0.8096330275229358,ri,0.3
